order_id,customer_ref,vendor_name,gross_amount,status,created_at
order_DEMO_001,Aditi Kulkarni,Urban Loom Supply Co.,920000,paid,1788256800
order_DEMO_002,Rohan Mehta,Konkan Kitchenware Traders,700000,paid,1788258600
order_DEMO_003,Sneha Iyer,Mango Leaf Home Goods,1280000,paid,1788260400
order_DEMO_004,Vivek Shah,Deccan Storage Works,1020000,paid,1788262200
order_DEMO_005,Neha Nair,Urban Loom Supply Co.,300000,paid,1788264000
order_DEMO_006,Arjun Menon,Konkan Kitchenware Traders,810000,paid,1788265800
order_DEMO_007,Priya Deshmukh,Mango Leaf Home Goods,440000,paid,1788267600
order_DEMO_008,Karan Bhatia,Deccan Storage Works,950000,paid,1788269400
order_DEMO_009,Meera Joshi,Urban Loom Supply Co.,1300000,paid,1788271200
order_DEMO_010,Siddharth Rao,Konkan Kitchenware Traders,730000,paid,1788273000
order_DEMO_011,Ananya Kapoor,Mango Leaf Home Goods,410000,paid,1788274800
order_DEMO_012,Rahul Verma,Deccan Storage Works,1320000,paid,1788276600
order_DEMO_013,Ishita Patil,Urban Loom Supply Co.,1130000,paid,1788278400
order_DEMO_014,Manish Gupta,Konkan Kitchenware Traders,490000,paid,1788280200
order_DEMO_015,Kavya Reddy,Mango Leaf Home Goods,330000,paid,1788282000
order_DEMO_016,Nikhil Jain,Deccan Storage Works,770000,paid,1788283800
order_DEMO_017,Aditi Kulkarni,Urban Loom Supply Co.,1040000,paid,1788285600
order_DEMO_018,Rohan Mehta,Konkan Kitchenware Traders,930000,paid,1788287400
order_DEMO_019,Sneha Iyer,Mango Leaf Home Goods,50000,paid,1788289200
order_DEMO_020,Vivek Shah,Deccan Storage Works,730000,paid,1788291000
order_DEMO_021,Neha Nair,Urban Loom Supply Co.,1260000,paid,1788292800
order_DEMO_022,Arjun Menon,Konkan Kitchenware Traders,120000,paid,1788294600
order_DEMO_023,Priya Deshmukh,Mango Leaf Home Goods,900000,paid,1788296400
order_DEMO_024,Karan Bhatia,Deccan Storage Works,90000,paid,1788298200
order_DEMO_025,Meera Joshi,Urban Loom Supply Co.,430000,paid,1788300000
order_DEMO_026,Siddharth Rao,Konkan Kitchenware Traders,130000,paid,1788301800
order_DEMO_027,Ananya Kapoor,Mango Leaf Home Goods,310000,paid,1788303600
order_DEMO_028,Rahul Verma,Deccan Storage Works,1180000,paid,1788305400
order_DEMO_029,Ishita Patil,Urban Loom Supply Co.,810000,paid,1788307200
order_DEMO_030,Manish Gupta,Konkan Kitchenware Traders,80000,paid,1788309000
order_DEMO_031,Kavya Reddy,Mango Leaf Home Goods,300000,paid,1788310800
order_DEMO_032,Nikhil Jain,Deccan Storage Works,1270000,paid,1788312600
order_DEMO_033,Aditi Kulkarni,Urban Loom Supply Co.,750000,paid,1788314400
order_DEMO_034,Rohan Mehta,Konkan Kitchenware Traders,1220000,paid,1788316200
order_DEMO_035,Sneha Iyer,Mango Leaf Home Goods,510000,paid,1788318000
order_DEMO_036,Vivek Shah,Deccan Storage Works,700000,paid,1788319800
order_DEMO_037,Neha Nair,Urban Loom Supply Co.,100000,paid,1788321600
order_DEMO_038,Arjun Menon,Konkan Kitchenware Traders,120000,paid,1788323400
order_DEMO_039,Priya Deshmukh,Mango Leaf Home Goods,850000,paid,1788325200
order_DEMO_040,Karan Bhatia,Deccan Storage Works,910000,paid,1788327000
order_DEMO_041,Meera Joshi,Urban Loom Supply Co.,400000,paid,1788328800
order_DEMO_042,Siddharth Rao,Konkan Kitchenware Traders,980000,paid,1788330600
order_DEMO_043,Ananya Kapoor,Mango Leaf Home Goods,350000,paid,1788332400
order_DEMO_044,Rahul Verma,Deccan Storage Works,490000,paid,1788334200
order_DEMO_045,Ishita Patil,Urban Loom Supply Co.,1120000,paid,1788336000
order_DEMO_046,Manish Gupta,Konkan Kitchenware Traders,1290000,paid,1788337800
order_DEMO_047,Kavya Reddy,Mango Leaf Home Goods,780000,paid,1788339600
order_DEMO_048,Nikhil Jain,Deccan Storage Works,340000,paid,1788341400
order_DEMO_049,Aditi Kulkarni,Urban Loom Supply Co.,460000,paid,1788343200
order_DEMO_050,Rohan Mehta,Konkan Kitchenware Traders,470000,paid,1788345000
order_DEMO_051,Sneha Iyer,Mango Leaf Home Goods,150000,paid,1788346800
order_DEMO_052,Vivek Shah,Deccan Storage Works,1000000,paid,1788348600
order_DEMO_053,Neha Nair,Urban Loom Supply Co.,1030000,paid,1788350400
order_DEMO_054,Arjun Menon,Konkan Kitchenware Traders,1050000,paid,1788352200
order_DEMO_055,Priya Deshmukh,Mango Leaf Home Goods,1390000,paid,1788354000
order_DEMO_056,Karan Bhatia,Deccan Storage Works,170000,paid,1788355800
order_DEMO_057,Meera Joshi,Urban Loom Supply Co.,1410000,paid,1788357600
order_DEMO_058,Siddharth Rao,Konkan Kitchenware Traders,670000,paid,1788359400
order_DEMO_059,Ananya Kapoor,Mango Leaf Home Goods,1410000,paid,1788361200
order_DEMO_060,Rahul Verma,Deccan Storage Works,240000,paid,1788363000
order_DEMO_061,Ishita Patil,Urban Loom Supply Co.,210000,paid,1788364800
order_DEMO_062,Manish Gupta,Konkan Kitchenware Traders,70000,paid,1788366600
order_DEMO_063,Kavya Reddy,Mango Leaf Home Goods,570000,paid,1788368400
order_DEMO_064,Nikhil Jain,Deccan Storage Works,740000,paid,1788370200
order_DEMO_065,Aditi Kulkarni,Urban Loom Supply Co.,930000,paid,1788372000
order_DEMO_066,Rohan Mehta,Konkan Kitchenware Traders,1350000,paid,1788373800
order_DEMO_067,Sneha Iyer,Mango Leaf Home Goods,160000,paid,1788375600
order_DEMO_068,Vivek Shah,Deccan Storage Works,1090000,paid,1788377400
order_DEMO_069,Neha Nair,Urban Loom Supply Co.,1400000,paid,1788379200
order_DEMO_070,Arjun Menon,Konkan Kitchenware Traders,450000,paid,1788381000
order_DEMO_070,Arjun Menon,Konkan Kitchenware Traders,450000,paid,1788381010
order_DEMO_071,Priya Deshmukh,Mango Leaf Home Goods,1070000,paid,1788382800
order_DEMO_071,Priya Deshmukh,Mango Leaf Home Goods,1070000,paid,1788382810
order_DEMO_072,Karan Bhatia,Deccan Storage Works,310000,paid,1788384600
order_DEMO_073,Meera Joshi,Urban Loom Supply Co.,800000,paid,1788386400
order_DEMO_074,Siddharth Rao,Konkan Kitchenware Traders,1240000,paid,1788388200
order_DEMO_075,Ananya Kapoor,Mango Leaf Home Goods,220000,paid,1788390000
order_DEMO_076,Rahul Verma,Deccan Storage Works,1490000,paid,1788391800
order_DEMO_077,Ishita Patil,Urban Loom Supply Co.,860000,paid,1788393600
order_DEMO_078,Manish Gupta,Konkan Kitchenware Traders,1370000,paid,1788395400
order_DEMO_079,Kavya Reddy,Mango Leaf Home Goods,670000,paid,1788397200
order_DEMO_080,Nikhil Jain,Deccan Storage Works,880000,paid,1788399000